order_id,customer_id,order_date,product_category,order_channel,quantity,unit_price,discount_pct,order_status,order_value
ORD0001,CUST007,2024-03-07,Books,Store,5,471.71,0.14,Completed,2028.35
ORD0002,CUST074,2024-11-07,Electronics,Online,1,92.83,0.24,Completed,70.55
ORD0003,CUST072,2024-08-19,Sports,Store,7,311.03,0.24,Processing,1654.68
ORD0004,CUST057,2024-11-08,Sports,Mobile App,5,432.88,0.3,Completed,1515.08
ORD0005,CUST079,2024-08-04,Clothing,Mobile App,2,474.84,0.06,Completed,892.7
ORD0006,CUST021,2024-01-03,Books,Store,4,103.43,0.02,Processing,405.45
ORD0007,CUST038,2025-12-20,Books,Online,1,131.11,0.21,Cancelled,103.58
ORD0008,CUST034,2025-03-11,Electronics,Mobile App,10,337.37,0.28,Cancelled,2429.06
ORD0009,CUST083,2024-03-14,Electronics,Online,3,456.04,0.25,Returned,1026.09
ORD0010,CUST077,2025-04-24,Clothing,Mobile App,10,462.17,0.13,Processing,4020.88
ORD0011,CUST035,2025-09-04,Electronics,Store,9,279.19,0.13,Returned,2186.06
ORD0012,CUST078,2025-11-21,Sports,Mobile App,5,32.42,0.07,Completed,150.75
ORD0013,CUST098,2024-06-28,Books,Mobile App,5,296.6,0.23,Processing,1141.91
ORD0014,CUST036,2025-05-18,Electronics,Store,3,498.53,0.13,Returned,1301.16
ORD0015,CUST053,2024-06-13,Clothing,Store,6,174.11,0.03,Processing,1013.32
ORD0016,CUST037,2025-04-10,Electronics,Store,7,410.51,0.17,Returned,2385.06
ORD0017,CUST042,2025-06-10,Electronics,Mobile App,2,485.69,0.12,Processing,854.81
ORD0018,CUST053,2025-05-25,Books,Online,1,110.04,0.11,Cancelled,97.94
ORD0019,CUST035,2025-12-16,Books,Online,9,82.89,0.09,Completed,678.87
ORD0020,CUST081,2024-11-14,Sports,Online,10,403.67,0.21,Processing,3188.99
ORD0021,CUST012,2025-04-17,Electronics,Mobile App,4,496.28,0.27,Cancelled,1449.14
ORD0022,CUST064,2025-05-09,Books,Online,5,264.26,0.08,Processing,1215.6
ORD0023,CUST071,2025-06-04,Furniture,Online,3,204.12,0.28,Returned,440.9
ORD0024,CUST099,2024-09-30,Electronics,Store,7,183.14,0.24,Returned,974.3
ORD0025,CUST076,2024-06-01,Books,Mobile App,10,499.47,0.15,Processing,4245.5
ORD0026,CUST045,2025-04-11,Clothing,Online,6,284.92,0.16,Cancelled,1436.0
ORD0027,CUST074,2024-02-14,Clothing,Mobile App,7,132.11,0.23,Processing,712.07
ORD0028,CUST091,2025-10-29,Furniture,Store,7,205.32,0.2,Completed,1149.79
ORD0029,CUST017,2024-04-12,Books,Online,9,483.37,0.1,Processing,3915.3
ORD0030,CUST002,2024-06-07,Electronics,Store,3,216.79,0.2,Returned,520.3
ORD0031,CUST044,2024-12-02,Sports,Store,10,352.5,0.19,Returned,2855.25
ORD0032,CUST081,2024-03-11,Furniture,Mobile App,8,438.74,0.01,Returned,3474.82
ORD0033,CUST030,2025-10-10,Electronics,Store,2,228.31,0.03,Cancelled,442.92
ORD0034,CUST089,2024-02-27,Clothing,Store,5,453.64,0.01,Returned,2245.52
ORD0035,CUST056,2025-11-29,Furniture,Online,3,137.21,0.12,Cancelled,362.23
ORD0036,CUST011,2024-09-03,Books,Mobile App,10,438.0,0.19,Cancelled,3547.8
ORD0037,CUST030,2025-11-13,Electronics,Store,8,326.19,0.14,Returned,2244.19
ORD0038,CUST087,2024-12-19,Sports,Store,9,95.83,0.13,Processing,750.35
ORD0039,CUST089,2025-01-28,Books,Online,5,239.28,0.09,Cancelled,1088.72
ORD0040,CUST049,2025-12-17,Clothing,Online,10,192.3,0.09,Processing,1749.93
ORD0041,CUST036,2024-02-20,Sports,Mobile App,1,291.65,0.21,Processing,230.4
ORD0042,CUST037,2025-10-13,Furniture,Mobile App,4,311.39,0.11,Returned,1108.55
ORD0043,CUST087,2025-10-23,Electronics,Store,3,321.56,0.27,Processing,704.22
ORD0044,CUST005,2024-10-29,Clothing,Mobile App,10,195.13,0.04,Processing,1873.25
ORD0045,CUST023,2025-01-09,Sports,Mobile App,4,83.44,0.16,Returned,280.36
ORD0046,CUST022,2024-10-29,Clothing,Online,5,458.74,0.28,Processing,1651.46
ORD0047,CUST010,2025-11-23,Books,Mobile App,3,381.99,0.07,Returned,1065.75
ORD0048,CUST012,2025-04-10,Clothing,Mobile App,7,26.68,0.16,Returned,156.88
ORD0049,CUST075,2024-04-20,Furniture,Store,7,414.76,0.28,Completed,2090.39
ORD0050,CUST080,2025-10-25,Electronics,Mobile App,9,177.44,0.18,Processing,1309.51
ORD0051,CUST090,2024-02-16,Electronics,Store,5,331.63,0.04,Processing,1591.82
ORD0052,CUST015,2025-02-01,Books,Store,2,132.7,0.16,Processing,222.94
ORD0053,CUST076,2025-05-16,Sports,Store,3,445.0,0.2,Returned,1068.0
ORD0054,CUST005,2024-08-29,Clothing,Online,6,124.29,0.13,Returned,648.79
ORD0055,CUST070,2024-05-05,Books,Online,6,49.06,0.08,Cancelled,270.81
ORD0056,CUST083,2024-12-07,Furniture,Online,10,486.12,0.02,Cancelled,4763.98
ORD0057,CUST009,2024-08-26,Clothing,Online,9,119.44,0.06,Completed,1010.46
ORD0058,CUST036,2024-06-27,Electronics,Mobile App,3,494.01,0.16,Completed,1244.91
ORD0059,CUST017,2025-08-25,Clothing,Online,1,191.96,0.24,Cancelled,145.89
ORD0060,CUST034,2024-04-26,Electronics,Store,1,80.84,0.13,Processing,70.33
ORD0061,CUST100,2025-05-30,Furniture,Mobile App,6,266.35,0.03,Completed,1550.16
ORD0062,CUST094,2024-02-01,Electronics,Store,9,164.78,0.19,Processing,1201.25
ORD0063,CUST055,2024-03-16,Electronics,Store,2,255.33,0.27,Cancelled,372.78
ORD0064,CUST009,2025-07-15,Clothing,Store,3,152.01,0.19,Returned,369.38
ORD0065,CUST059,2025-12-19,Electronics,Mobile App,9,310.6,0.03,Cancelled,2711.54
ORD0066,CUST056,2025-04-09,Books,Store,8,446.28,0.12,Completed,3141.81
ORD0067,CUST041,2024-06-05,Books,Online,7,170.01,0.08,Completed,1094.86
ORD0068,CUST011,2025-01-16,Furniture,Mobile App,2,227.3,0.22,Completed,354.59
ORD0069,CUST076,2025-02-24,Clothing,Mobile App,9,289.61,0.2,Processing,2085.19
ORD0070,CUST093,2024-12-26,Electronics,Mobile App,1,484.83,0.18,Cancelled,397.56
ORD0071,CUST020,2025-07-23,Clothing,Online,8,127.64,0.03,Returned,990.49
ORD0072,CUST074,2025-09-28,Sports,Mobile App,4,407.47,0.25,Completed,1222.41
ORD0073,CUST078,2024-11-12,Clothing,Store,5,33.9,0.08,Completed,155.94
ORD0074,CUST024,2024-05-25,Electronics,Online,3,291.83,0.12,Cancelled,770.43
ORD0075,CUST049,2024-11-15,Clothing,Mobile App,7,237.75,0.05,Completed,1581.04
ORD0076,CUST007,2025-11-21,Electronics,Store,3,95.56,0.19,Processing,232.21
ORD0077,CUST085,2024-10-06,Furniture,Mobile App,7,253.12,0.13,Completed,1541.5
ORD0078,CUST045,2025-08-30,Books,Mobile App,7,73.23,0.2,Returned,410.09
ORD0079,CUST006,2024-01-08,Furniture,Store,4,209.73,0.18,Cancelled,687.91
ORD0080,CUST099,2024-05-02,Electronics,Store,3,386.8,0.09,Processing,1055.96
ORD0081,CUST023,2025-05-27,Sports,Mobile App,3,202.5,0.21,Returned,479.93
ORD0082,CUST010,2024-01-20,Books,Online,7,433.65,0.01,Returned,3005.19
ORD0083,CUST074,2025-03-03,Clothing,Online,7,295.23,0.21,Processing,1632.62
ORD0084,CUST003,2025-04-16,Clothing,Online,6,102.5,0.28,Processing,442.8
ORD0085,CUST014,2024-03-21,Books,Store,4,229.12,0.12,Returned,806.5
ORD0086,CUST029,2025-10-10,Electronics,Mobile App,6,393.98,0.02,Cancelled,2316.6
ORD0087,CUST100,2025-10-22,Furniture,Online,6,188.53,0.29,Completed,803.14
ORD0088,CUST019,2025-11-02,Electronics,Online,5,114.69,0.18,Processing,470.23
ORD0089,CUST060,2025-08-01,Sports,Store,10,384.74,0.13,Returned,3347.24
ORD0090,CUST020,2024-11-06,Clothing,Mobile App,8,52.78,0.13,Completed,367.35
ORD0091,CUST046,2024-02-08,Electronics,Store,9,55.61,0.14,Returned,430.42
ORD0092,CUST010,2025-04-18,Sports,Mobile App,2,315.2,0.15,Completed,535.84
ORD0093,CUST058,2025-05-02,Sports,Online,10,332.88,0.1,Completed,2995.92
ORD0094,CUST058,2024-03-27,Sports,Mobile App,2,409.26,0.25,Cancelled,613.89
ORD0095,CUST006,2025-06-20,Sports,Mobile App,4,359.66,0.3,Cancelled,1007.05
ORD0096,CUST047,2024-12-12,Sports,Online,6,460.61,0.12,Returned,2432.02
ORD0097,CUST009,2024-10-17,Clothing,Mobile App,6,65.36,0.2,Cancelled,313.73
ORD0098,CUST043,2024-12-24,Clothing,Mobile App,2,299.71,0.04,Processing,575.44
ORD0099,CUST017,2025-07-26,Books,Mobile App,10,360.24,0.03,Returned,3494.33
ORD0100,CUST017,2025-06-04,Clothing,Online,9,64.86,0.2,Returned,466.99
ORD0101,CUST040,2025-05-12,Furniture,Online,3,476.56,0.1,Cancelled,1286.71
ORD0102,CUST020,2025-06-03,Sports,Mobile App,2,161.98,0.24,Completed,246.21
ORD0103,CUST085,2025-09-03,Books,Online,6,440.67,0.19,Cancelled,2141.66
ORD0104,CUST024,2025-03-24,Electronics,Store,10,408.34,0.05,Returned,3879.23
ORD0105,CUST087,2025-04-04,Furniture,Mobile App,4,485.4,0.18,Cancelled,1592.11
ORD0106,CUST040,2025-11-25,Sports,Store,8,453.91,0.06,Processing,3413.4
ORD0107,CUST099,2025-03-04,Furniture,Online,5,393.5,0.15,Cancelled,1672.38
ORD0108,CUST033,2025-07-21,Electronics,Mobile App,1,327.77,0.26,Completed,242.55
ORD0109,CUST037,2025-06-09,Furniture,Store,2,386.3,0.08,Completed,710.79
ORD0110,CUST029,2025-02-28,Electronics,Store,8,444.62,0.28,Returned,2561.01
ORD0111,CUST031,2024-01-29,Clothing,Online,7,497.37,0.11,Returned,3098.62
ORD0112,CUST019,2025-04-28,Furniture,Mobile App,3,38.39,0.28,Processing,82.92
ORD0113,CUST058,2024-09-19,Furniture,Online,10,22.52,0.02,Processing,220.7
ORD0114,CUST015,2024-09-01,Books,Mobile App,5,134.07,0.04,Processing,643.54
ORD0115,CUST009,2025-07-02,Electronics,Mobile App,2,421.61,0.15,Cancelled,716.74
ORD0116,CUST092,2024-12-27,Furniture,Mobile App,3,159.81,0.0,Processing,479.43
ORD0117,CUST024,2025-06-22,Sports,Mobile App,2,271.27,0.11,Completed,482.86
ORD0118,CUST050,2025-01-17,Clothing,Mobile App,8,40.9,0.12,Completed,287.94
ORD0119,CUST046,2025-10-05,Electronics,Mobile App,2,185.51,0.22,Returned,289.4
ORD0120,CUST018,2025-10-20,Furniture,Mobile App,1,189.1,0.1,Processing,170.19
ORD0121,CUST090,2024-03-05,Books,Online,8,323.23,0.24,Returned,1965.24
ORD0122,CUST026,2024-11-19,Clothing,Mobile App,1,399.73,0.27,Processing,291.8
ORD0123,CUST070,2024-07-14,Clothing,Store,8,141.59,0.23,Completed,872.19
ORD0124,CUST084,2025-03-23,Books,Mobile App,6,151.14,0.24,Processing,689.2
ORD0125,CUST050,2025-05-24,Clothing,Mobile App,6,487.39,0.15,Returned,2485.69
ORD0126,CUST011,2024-07-03,Sports,Store,7,57.88,0.18,Returned,332.23
ORD0127,CUST014,2025-04-01,Sports,Mobile App,2,177.4,0.09,Processing,322.87
ORD0128,CUST022,2024-12-27,Sports,Store,8,188.74,0.01,Returned,1494.82
ORD0129,CUST082,2025-01-07,Sports,Mobile App,1,56.02,0.19,Cancelled,45.38
ORD0130,CUST004,2025-03-24,Electronics,Online,3,427.36,0.2,Completed,1025.66
ORD0131,CUST031,2024-02-03,Sports,Online,6,193.83,0.28,Processing,837.35
ORD0132,CUST048,2024-05-20,Sports,Store,6,233.09,0.02,Processing,1370.57
ORD0133,CUST041,2024-07-09,Books,Mobile App,5,139.81,0.03,Processing,678.08
ORD0134,CUST072,2025-04-01,Furniture,Mobile App,2,145.65,0.08,Returned,268.0
ORD0135,CUST089,2024-03-16,Books,Online,8,116.09,0.04,Processing,891.57
ORD0136,CUST012,2025-07-17,Sports,Store,6,340.56,0.21,Returned,1614.25
ORD0137,CUST021,2024-05-04,Furniture,Online,3,400.97,0.15,Cancelled,1022.47
ORD0138,CUST064,2025-04-23,Sports,Online,1,193.23,0.17,Completed,160.38
ORD0139,CUST009,2025-05-05,Sports,Store,5,211.12,0.22,Processing,823.37
ORD0140,CUST074,2024-03-16,Books,Store,2,80.16,0.1,Returned,144.29
ORD0141,CUST017,2024-05-12,Books,Mobile App,9,327.1,0.05,Completed,2796.7
ORD0142,CUST016,2024-11-26,Furniture,Store,9,93.45,0.05,Returned,799.0
ORD0143,CUST011,2024-10-08,Furniture,Mobile App,5,114.22,0.29,Returned,405.48
ORD0144,CUST079,2025-08-29,Sports,Online,9,64.85,0.19,Cancelled,472.76
ORD0145,CUST085,2025-07-31,Electronics,Online,10,365.9,0.18,Completed,3000.38
ORD0146,CUST006,2025-08-08,Books,Mobile App,10,147.03,0.06,Completed,1382.08
ORD0147,CUST064,2025-05-09,Furniture,Mobile App,9,159.04,0.29,Processing,1016.27
ORD0148,CUST039,2025-03-26,Books,Store,8,55.03,0.02,Processing,431.44
ORD0149,CUST027,2024-11-22,Clothing,Store,6,311.2,0.09,Cancelled,1699.15
ORD0150,CUST098,2024-09-04,Books,Online,6,267.19,0.03,Returned,1555.05
ORD0151,CUST058,2025-01-28,Sports,Store,4,87.62,0.02,Cancelled,343.47
ORD0152,CUST021,2024-07-13,Furniture,Store,6,468.2,0.22,Processing,2191.18
ORD0153,CUST064,2025-02-06,Sports,Store,5,258.74,0.03,Cancelled,1254.89
ORD0154,CUST028,2025-05-21,Sports,Mobile App,10,189.39,0.02,Processing,1856.02
ORD0155,CUST037,2024-05-17,Clothing,Mobile App,9,23.93,0.03,Returned,208.91
ORD0156,CUST098,2025-08-06,Sports,Online,7,195.65,0.12,Returned,1205.2
ORD0157,CUST071,2025-07-17,Clothing,Mobile App,5,55.3,0.15,Completed,235.03
ORD0158,CUST017,2024-12-13,Sports,Store,2,209.07,0.24,Cancelled,317.79
ORD0159,CUST026,2024-02-16,Electronics,Online,10,264.38,0.15,Returned,2247.23
ORD0160,CUST061,2025-06-11,Furniture,Store,9,239.35,0.18,Returned,1766.4
ORD0161,CUST021,2024-11-02,Sports,Store,7,495.5,0.22,Processing,2705.43
ORD0162,CUST091,2025-01-12,Clothing,Mobile App,10,163.9,0.24,Completed,1245.64
ORD0163,CUST054,2025-12-05,Electronics,Mobile App,10,167.69,0.27,Processing,1224.14
ORD0164,CUST034,2025-08-20,Books,Online,10,297.26,0.22,Processing,2318.63
ORD0165,CUST019,2024-04-22,Furniture,Online,4,35.15,0.28,Processing,101.23
ORD0166,CUST041,2025-02-24,Sports,Mobile App,7,92.69,0.21,Processing,512.58
ORD0167,CUST095,2025-07-28,Clothing,Mobile App,1,358.77,0.16,Processing,301.37
ORD0168,CUST068,2025-06-29,Clothing,Mobile App,7,170.6,0.05,Returned,1134.49
ORD0169,CUST087,2024-09-09,Clothing,Mobile App,5,312.84,0.06,Returned,1470.35
ORD0170,CUST029,2025-12-07,Books,Store,5,390.16,0.21,Processing,1541.13
ORD0171,CUST045,2024-10-07,Clothing,Online,9,468.18,0.24,Processing,3202.35
ORD0172,CUST051,2024-10-24,Electronics,Store,6,478.21,0.24,Completed,2180.64
ORD0173,CUST045,2024-08-07,Furniture,Mobile App,8,334.87,0.22,Returned,2089.59
ORD0174,CUST072,2025-08-23,Furniture,Online,5,85.89,0.18,Completed,352.15
ORD0175,CUST086,2024-04-12,Books,Store,9,128.32,0.07,Processing,1074.04
ORD0176,CUST013,2024-06-10,Books,Mobile App,3,22.49,0.17,Processing,56.0
ORD0177,CUST062,2024-10-19,Electronics,Online,4,382.84,0.09,Cancelled,1393.54
ORD0178,CUST069,2024-06-29,Electronics,Store,1,458.35,0.05,Processing,435.43
ORD0179,CUST024,2025-08-04,Sports,Online,5,440.84,0.0,Returned,2204.2
ORD0180,CUST037,2025-05-20,Furniture,Mobile App,8,494.77,0.16,Processing,3324.85
ORD0181,CUST035,2025-04-14,Clothing,Mobile App,4,408.23,0.1,Cancelled,1469.63
ORD0182,CUST002,2024-07-16,Furniture,Mobile App,6,399.57,0.17,Processing,1989.86
ORD0183,CUST055,2024-04-07,Furniture,Online,9,177.4,0.12,Processing,1405.01
ORD0184,CUST042,2025-04-02,Clothing,Store,4,23.28,0.12,Returned,81.95
ORD0185,CUST075,2025-12-10,Furniture,Online,10,25.49,0.2,Completed,203.92
ORD0186,CUST060,2025-12-21,Clothing,Mobile App,5,96.66,0.21,Completed,381.81
ORD0187,CUST082,2024-05-16,Books,Online,5,196.42,0.07,Processing,913.35
ORD0188,CUST096,2025-04-27,Sports,Mobile App,10,199.34,0.21,Cancelled,1574.79
ORD0189,CUST098,2024-03-24,Sports,Store,4,346.56,0.18,Returned,1136.72
ORD0190,CUST010,2025-06-01,Furniture,Mobile App,10,73.86,0.25,Cancelled,553.95
ORD0191,CUST022,2025-11-27,Furniture,Mobile App,6,430.15,0.13,Processing,2245.38
ORD0192,CUST012,2024-05-15,Sports,Store,9,233.83,0.02,Processing,2062.38
ORD0193,CUST073,2024-11-11,Electronics,Store,1,288.22,0.2,Returned,230.58
ORD0194,CUST001,2024-12-18,Electronics,Mobile App,4,297.59,0.01,Completed,1178.46
ORD0195,CUST009,2024-05-18,Books,Store,8,35.23,0.12,Processing,248.02
ORD0196,CUST058,2025-11-08,Sports,Online,7,200.31,0.2,Returned,1121.74
ORD0197,CUST016,2024-05-10,Furniture,Online,3,496.57,0.12,Completed,1310.94
ORD0198,CUST039,2025-06-28,Books,Online,8,343.28,0.16,Cancelled,2306.84
ORD0199,CUST059,2024-04-25,Electronics,Mobile App,6,94.46,0.06,Processing,532.75
ORD0200,CUST079,2025-08-31,Electronics,Store,1,135.52,0.02,Completed,132.81
ORD0201,CUST032,2024-08-10,Electronics,Online,1,213.09,0.07,Returned,198.17
ORD0202,CUST030,2025-11-19,Clothing,Online,10,173.07,0.18,Returned,1419.17
ORD0203,CUST019,2024-03-03,Sports,Mobile App,9,126.1,0.09,Cancelled,1032.76
ORD0204,CUST081,2024-12-18,Books,Mobile App,7,286.81,0.01,Returned,1987.59
ORD0205,CUST090,2024-07-07,Sports,Store,7,215.96,0.09,Cancelled,1375.67
ORD0206,CUST029,2025-04-19,Electronics,Mobile App,5,431.62,0.04,Processing,2071.78
ORD0207,CUST054,2024-09-18,Furniture,Store,9,274.4,0.12,Completed,2173.25
ORD0208,CUST058,2024-07-14,Electronics,Store,6,64.38,0.22,Processing,301.3
ORD0209,CUST087,2024-07-11,Sports,Mobile App,10,309.4,0.26,Cancelled,2289.56
ORD0210,CUST062,2024-01-16,Furniture,Online,4,437.35,0.1,Completed,1574.46
ORD0211,CUST096,2025-12-21,Furniture,Store,8,458.93,0.21,Cancelled,2900.44
ORD0212,CUST071,2025-06-30,Clothing,Store,6,392.25,0.11,Returned,2094.62
ORD0213,CUST047,2025-04-25,Clothing,Online,9,443.75,0.14,Returned,3434.62
ORD0214,CUST041,2024-05-29,Electronics,Store,7,41.94,0.26,Processing,217.25
ORD0215,CUST038,2025-08-06,Furniture,Store,3,114.17,0.07,Returned,318.53
ORD0216,CUST033,2025-05-17,Books,Online,8,483.92,0.19,Returned,3135.8
ORD0217,CUST022,2025-07-09,Electronics,Mobile App,3,365.75,0.15,Completed,932.66
ORD0218,CUST010,2025-10-07,Furniture,Online,1,386.88,0.12,Cancelled,340.45
ORD0219,CUST002,2025-09-24,Sports,Store,4,262.75,0.11,Processing,935.39
ORD0220,CUST003,2024-01-18,Sports,Mobile App,1,275.46,0.12,Returned,242.4
ORD0221,CUST069,2025-11-21,Books,Online,5,28.23,0.24,Completed,107.27
ORD0222,CUST013,2025-06-23,Clothing,Store,9,91.47,0.06,Returned,773.84
ORD0223,CUST051,2025-08-01,Furniture,Mobile App,2,199.06,0.12,Cancelled,350.35
ORD0224,CUST039,2024-02-02,Electronics,Store,2,333.79,0.26,Processing,494.01
ORD0225,CUST049,2025-12-20,Furniture,Online,9,248.48,0.19,Processing,1811.42
ORD0226,CUST056,2024-04-07,Sports,Online,6,291.61,0.26,Cancelled,1294.75
ORD0227,CUST028,2024-03-17,Clothing,Mobile App,10,248.24,0.01,Completed,2457.58
ORD0228,CUST023,2024-05-27,Books,Online,6,27.52,0.06,Returned,155.21
ORD0229,CUST021,2025-02-02,Sports,Store,10,135.43,0.25,Processing,1015.73
ORD0230,CUST097,2024-03-21,Sports,Mobile App,3,399.44,0.21,Returned,946.67
ORD0231,CUST007,2024-12-14,Sports,Mobile App,2,229.8,0.25,Processing,344.7
ORD0232,CUST100,2025-04-06,Books,Online,6,34.22,0.08,Returned,188.89
ORD0233,CUST071,2025-11-07,Books,Online,7,227.29,0.2,Returned,1272.82
ORD0234,CUST032,2025-12-29,Furniture,Mobile App,2,59.38,0.05,Processing,112.82
ORD0235,CUST041,2024-11-11,Books,Store,6,71.14,0.0,Returned,426.84
ORD0236,CUST014,2025-07-24,Sports,Mobile App,3,61.9,0.13,Processing,161.56
ORD0237,CUST014,2025-09-03,Sports,Store,1,63.02,0.17,Processing,52.31
ORD0238,CUST002,2025-07-26,Furniture,Mobile App,5,218.63,0.23,Cancelled,841.73
ORD0239,CUST088,2024-10-01,Books,Online,7,101.36,0.08,Completed,652.76
ORD0240,CUST022,2024-03-19,Clothing,Store,7,152.46,0.09,Cancelled,971.17
ORD0241,CUST093,2024-04-19,Furniture,Store,8,305.03,0.06,Completed,2293.83
ORD0242,CUST051,2024-12-03,Books,Store,6,423.97,0.11,Processing,2264.0
ORD0243,CUST084,2025-12-12,Furniture,Store,10,85.34,0.1,Returned,768.06
ORD0244,CUST023,2025-12-12,Books,Mobile App,7,484.99,0.09,Cancelled,3089.39
ORD0245,CUST042,2025-01-08,Electronics,Mobile App,7,154.54,0.24,Cancelled,822.15
ORD0246,CUST076,2024-01-28,Books,Mobile App,9,106.37,0.23,Cancelled,737.14
ORD0247,CUST057,2025-02-22,Books,Online,5,419.02,0.02,Returned,2053.2
ORD0248,CUST031,2025-01-21,Electronics,Store,5,336.16,0.21,Processing,1327.83
ORD0249,CUST075,2025-12-09,Books,Mobile App,7,276.5,0.28,Completed,1393.56
ORD0250,CUST047,2024-04-21,Furniture,Mobile App,9,305.03,0.27,Returned,2004.05
ORD0251,CUST022,2025-11-24,Books,Store,10,41.26,0.3,Processing,288.82
ORD0252,CUST014,2025-06-15,Sports,Mobile App,1,67.33,0.07,Cancelled,62.62
ORD0253,CUST058,2025-08-25,Sports,Online,6,207.74,0.23,Returned,959.76
ORD0254,CUST004,2024-03-28,Electronics,Mobile App,8,70.18,0.12,Cancelled,494.07
ORD0255,CUST045,2025-06-17,Books,Store,5,184.67,0.24,Processing,701.75
ORD0256,CUST013,2024-03-09,Clothing,Online,8,366.56,0.14,Completed,2521.93
ORD0257,CUST003,2024-06-17,Furniture,Mobile App,6,331.03,0.2,Cancelled,1588.94
ORD0258,CUST071,2025-04-18,Furniture,Store,3,178.88,0.13,Cancelled,466.88
ORD0259,CUST024,2024-07-21,Books,Mobile App,7,209.88,0.22,Processing,1145.94
ORD0260,CUST050,2025-12-21,Electronics,Mobile App,1,358.27,0.06,Completed,336.77
ORD0261,CUST069,2024-04-26,Clothing,Mobile App,3,195.58,0.06,Processing,551.54
ORD0262,CUST068,2025-08-24,Electronics,Store,6,306.55,0.18,Returned,1508.23
ORD0263,CUST059,2024-10-31,Sports,Mobile App,10,102.81,0.2,Completed,822.48
ORD0264,CUST087,2024-04-29,Furniture,Store,3,170.33,0.07,Cancelled,475.22
ORD0265,CUST066,2025-01-27,Books,Online,7,220.75,0.04,Processing,1483.44
ORD0266,CUST082,2024-06-26,Sports,Online,9,352.85,0.19,Processing,2572.28
ORD0267,CUST037,2025-09-26,Electronics,Store,3,109.81,0.25,Completed,247.07
ORD0268,CUST063,2025-07-29,Sports,Mobile App,3,113.66,0.12,Processing,300.06
ORD0269,CUST053,2025-05-15,Furniture,Online,8,219.5,0.25,Completed,1317.0
ORD0270,CUST098,2025-07-04,Clothing,Online,4,160.2,0.08,Processing,589.54
ORD0271,CUST073,2024-04-26,Clothing,Mobile App,8,283.87,0.03,Returned,2202.83
ORD0272,CUST070,2024-08-11,Books,Online,1,384.8,0.13,Cancelled,334.78
ORD0273,CUST039,2024-03-30,Books,Online,1,235.87,0.1,Cancelled,212.28
ORD0274,CUST027,2025-09-16,Books,Online,10,350.78,0.26,Cancelled,2595.77
ORD0275,CUST027,2025-06-29,Clothing,Mobile App,4,406.61,0.17,Cancelled,1349.95
ORD0276,CUST042,2025-06-10,Electronics,Online,5,158.88,0.08,Processing,730.85
ORD0277,CUST008,2024-05-15,Furniture,Online,5,436.18,0.04,Returned,2093.66
ORD0278,CUST032,2024-10-02,Books,Store,7,254.94,0.17,Processing,1481.2
ORD0279,CUST010,2025-12-12,Clothing,Store,2,213.37,0.22,Processing,332.86
ORD0280,CUST042,2024-04-05,Books,Mobile App,10,21.19,0.23,Returned,163.16
ORD0281,CUST009,2024-08-04,Books,Store,9,210.9,0.29,Returned,1347.65
ORD0282,CUST037,2025-05-11,Clothing,Mobile App,6,282.71,0.04,Completed,1628.41
ORD0283,CUST006,2024-01-17,Electronics,Online,2,320.57,0.25,Processing,480.86
ORD0284,CUST059,2025-12-06,Furniture,Mobile App,1,496.08,0.13,Returned,431.59
ORD0285,CUST021,2024-03-25,Clothing,Mobile App,5,64.8,0.11,Cancelled,288.36
ORD0286,CUST007,2024-08-27,Books,Mobile App,7,320.29,0.22,Completed,1748.78
ORD0287,CUST091,2024-05-15,Sports,Online,2,20.52,0.14,Processing,35.29
ORD0288,CUST002,2025-03-08,Furniture,Store,1,353.89,0.25,Completed,265.42
ORD0289,CUST030,2024-04-15,Clothing,Store,7,62.88,0.24,Returned,334.52
ORD0290,CUST018,2024-05-16,Furniture,Online,7,391.26,0.23,Completed,2108.89
ORD0291,CUST079,2025-10-05,Furniture,Store,3,231.25,0.22,Processing,541.12
ORD0292,CUST028,2024-05-06,Sports,Mobile App,2,450.36,0.04,Processing,864.69
ORD0293,CUST045,2024-10-10,Electronics,Online,7,170.96,0.04,Returned,1148.85
ORD0294,CUST100,2024-11-04,Furniture,Mobile App,1,426.99,0.2,Cancelled,341.59
ORD0295,CUST096,2024-09-02,Books,Store,7,161.86,0.02,Completed,1110.36
ORD0296,CUST031,2024-01-13,Clothing,Store,8,326.28,0.02,Cancelled,2558.04
ORD0297,CUST050,2024-06-25,Books,Online,10,222.01,0.16,Completed,1864.88
ORD0298,CUST076,2024-03-02,Books,Mobile App,2,26.62,0.06,Returned,50.05
ORD0299,CUST081,2025-02-15,Electronics,Mobile App,9,388.21,0.13,Cancelled,3039.68
ORD0300,CUST036,2024-07-27,Furniture,Mobile App,2,168.76,0.15,Returned,286.89
ORD0301,CUST051,2025-11-28,Electronics,Store,10,324.46,0.25,Processing,2433.45
ORD0302,CUST094,2025-03-20,Electronics,Store,4,47.79,0.03,Completed,185.43
ORD0303,CUST040,2025-12-19,Electronics,Online,3,77.33,0.21,Processing,183.27
ORD0304,CUST045,2024-09-22,Furniture,Store,9,268.27,0.25,Cancelled,1810.82
ORD0305,CUST096,2024-01-31,Clothing,Store,5,371.81,0.04,Returned,1784.69
ORD0306,CUST068,2025-10-04,Electronics,Store,2,146.22,0.29,Processing,207.63
ORD0307,CUST066,2024-06-19,Clothing,Online,6,46.61,0.26,Returned,206.95
ORD0308,CUST099,2024-04-28,Furniture,Mobile App,2,449.25,0.2,Completed,718.8
ORD0309,CUST006,2025-01-27,Furniture,Online,1,137.38,0.14,Completed,118.15
ORD0310,CUST071,2024-11-23,Clothing,Online,7,127.77,0.07,Returned,831.78
ORD0311,CUST016,2024-08-16,Sports,Online,9,343.2,0.02,Processing,3027.02
ORD0312,CUST009,2024-11-14,Clothing,Online,8,435.7,0.23,Processing,2683.91
ORD0313,CUST002,2024-11-07,Sports,Online,6,116.32,0.17,Processing,579.27
ORD0314,CUST048,2024-07-19,Sports,Online,10,486.49,0.3,Cancelled,3405.43
ORD0315,CUST001,2025-10-13,Electronics,Store,7,31.48,0.16,Completed,185.1
ORD0316,CUST098,2024-04-16,Furniture,Mobile App,7,427.52,0.22,Cancelled,2334.26
ORD0317,CUST054,2024-05-25,Clothing,Online,8,481.37,0.29,Completed,2734.18
ORD0318,CUST030,2025-04-14,Electronics,Mobile App,9,218.27,0.27,Completed,1434.03
ORD0319,CUST065,2025-08-29,Sports,Online,3,325.86,0.12,Processing,860.27
ORD0320,CUST085,2024-11-18,Books,Mobile App,3,133.65,0.08,Returned,368.87
ORD0321,CUST041,2024-07-26,Furniture,Mobile App,8,150.54,0.02,Completed,1180.23
ORD0322,CUST020,2025-02-20,Electronics,Mobile App,2,98.9,0.14,Returned,170.11
ORD0323,CUST099,2024-05-02,Electronics,Online,4,236.92,0.14,Returned,815.0
ORD0324,CUST091,2024-12-01,Furniture,Online,10,39.36,0.25,Cancelled,295.2
ORD0325,CUST046,2024-09-23,Furniture,Online,7,266.46,0.2,Processing,1492.18
ORD0326,CUST058,2025-04-18,Electronics,Online,9,379.08,0.07,Completed,3172.9
ORD0327,CUST002,2024-05-13,Furniture,Store,1,418.58,0.29,Returned,297.19
ORD0328,CUST088,2024-03-17,Electronics,Online,2,299.52,0.08,Cancelled,551.12
ORD0329,CUST083,2024-12-05,Electronics,Online,8,408.46,0.03,Processing,3169.65
ORD0330,CUST007,2025-02-08,Books,Online,3,463.58,0.13,Processing,1209.94
ORD0331,CUST088,2024-07-10,Clothing,Store,7,102.95,0.06,Processing,677.41
ORD0332,CUST020,2025-10-24,Clothing,Store,1,314.77,0.19,Processing,254.96
ORD0333,CUST071,2024-05-20,Books,Online,8,49.27,0.08,Cancelled,362.63
ORD0334,CUST081,2025-12-31,Clothing,Store,9,401.53,0.3,Processing,2529.64
ORD0335,CUST045,2024-07-03,Electronics,Store,10,261.15,0.12,Cancelled,2298.12
ORD0336,CUST004,2025-06-26,Clothing,Mobile App,5,48.12,0.3,Cancelled,168.42
ORD0337,CUST021,2025-06-30,Electronics,Online,2,138.97,0.07,Processing,258.48
ORD0338,CUST046,2025-12-15,Clothing,Mobile App,3,104.53,0.18,Completed,257.14
ORD0339,CUST091,2025-07-30,Furniture,Store,6,474.83,0.17,Returned,2364.65
ORD0340,CUST023,2025-09-08,Furniture,Online,8,38.22,0.02,Processing,299.64
ORD0341,CUST001,2024-05-13,Clothing,Mobile App,6,460.59,0.06,Cancelled,2597.73
ORD0342,CUST042,2024-05-25,Electronics,Mobile App,1,30.52,0.18,Returned,25.03
ORD0343,CUST010,2025-08-23,Electronics,Store,6,358.18,0.2,Returned,1719.26
ORD0344,CUST042,2025-03-23,Books,Mobile App,3,488.41,0.22,Returned,1142.88
ORD0345,CUST023,2024-12-31,Furniture,Mobile App,9,352.91,0.28,Cancelled,2286.86
ORD0346,CUST049,2024-06-30,Electronics,Mobile App,5,372.32,0.09,Processing,1694.06
ORD0347,CUST099,2025-09-18,Furniture,Mobile App,10,35.54,0.18,Completed,291.43
ORD0348,CUST064,2024-12-21,Clothing,Online,3,178.96,0.02,Completed,526.14
ORD0349,CUST091,2024-09-12,Electronics,Store,6,234.38,0.08,Returned,1293.78
ORD0350,CUST014,2025-03-05,Furniture,Store,1,43.11,0.13,Processing,37.51
ORD0351,CUST049,2025-05-05,Sports,Mobile App,6,282.09,0.03,Cancelled,1641.76
ORD0352,CUST021,2024-10-28,Electronics,Store,8,55.38,0.25,Returned,332.28
ORD0353,CUST014,2024-06-13,Electronics,Mobile App,2,184.07,0.27,Completed,268.74
ORD0354,CUST044,2025-12-22,Electronics,Store,10,492.93,0.27,Cancelled,3598.39
ORD0355,CUST078,2024-07-29,Furniture,Store,7,95.41,0.03,Returned,647.83
ORD0356,CUST085,2025-02-06,Sports,Mobile App,5,162.75,0.03,Processing,789.34
ORD0357,CUST020,2024-10-28,Sports,Store,1,193.2,0.13,Cancelled,168.08
ORD0358,CUST013,2024-03-24,Books,Online,1,119.34,0.19,Returned,96.67
ORD0359,CUST051,2024-04-03,Sports,Store,8,254.77,0.2,Cancelled,1630.53
ORD0360,CUST048,2024-09-26,Books,Store,7,197.31,0.13,Returned,1201.62
ORD0361,CUST029,2025-12-14,Electronics,Online,5,290.84,0.05,Returned,1381.49
ORD0362,CUST070,2025-07-20,Electronics,Store,7,485.94,0.18,Processing,2789.3
ORD0363,CUST069,2024-11-02,Electronics,Store,8,294.9,0.07,Completed,2194.06
ORD0364,CUST065,2025-11-24,Sports,Online,10,452.22,0.24,Completed,3436.87
ORD0365,CUST097,2024-08-04,Furniture,Online,8,102.98,0.3,Completed,576.69
ORD0366,CUST055,2025-10-04,Furniture,Mobile App,2,494.37,0.13,Returned,860.2
ORD0367,CUST041,2025-07-19,Clothing,Store,2,61.77,0.17,Processing,102.54
ORD0368,CUST002,2024-04-25,Books,Online,10,302.04,0.23,Cancelled,2325.71
ORD0369,CUST073,2024-04-12,Electronics,Mobile App,10,299.69,0.29,Completed,2127.8
ORD0370,CUST037,2024-09-27,Books,Mobile App,9,442.47,0.26,Processing,2946.85
ORD0371,CUST074,2025-02-16,Furniture,Mobile App,10,247.06,0.05,Processing,2347.07
ORD0372,CUST005,2024-08-31,Electronics,Mobile App,7,447.0,0.1,Processing,2816.1
ORD0373,CUST035,2024-11-06,Clothing,Store,6,29.71,0.25,Processing,133.69
ORD0374,CUST090,2024-11-03,Books,Store,2,486.8,0.07,Returned,905.45
ORD0375,CUST094,2025-03-28,Furniture,Store,7,310.39,0.03,Processing,2107.55
ORD0376,CUST098,2025-06-11,Furniture,Online,9,436.25,0.25,Returned,2944.69
ORD0377,CUST091,2025-06-20,Sports,Online,9,213.62,0.23,Cancelled,1480.39
ORD0378,CUST025,2025-04-12,Electronics,Store,4,421.75,0.07,Cancelled,1568.91
ORD0379,CUST036,2025-10-12,Electronics,Mobile App,6,415.28,0.15,Completed,2117.93
ORD0380,CUST031,2025-04-30,Sports,Mobile App,6,254.62,0.13,Returned,1329.12
ORD0381,CUST045,2025-12-06,Electronics,Store,3,422.07,0.08,Completed,1164.91
ORD0382,CUST050,2024-08-07,Furniture,Mobile App,1,98.2,0.17,Cancelled,81.51
ORD0383,CUST087,2024-01-21,Electronics,Store,4,149.16,0.12,Cancelled,525.04
ORD0384,CUST083,2024-09-15,Sports,Store,3,308.55,0.0,Returned,925.65
ORD0385,CUST055,2024-08-11,Books,Store,7,428.76,0.14,Processing,2581.14
ORD0386,CUST075,2025-01-18,Sports,Mobile App,2,23.53,0.3,Returned,32.94
ORD0387,CUST039,2024-10-10,Clothing,Store,2,251.23,0.1,Returned,452.21
ORD0388,CUST084,2024-09-03,Electronics,Mobile App,5,110.41,0.16,Processing,463.72
ORD0389,CUST085,2025-11-02,Books,Store,6,346.76,0.22,Returned,1622.84
ORD0390,CUST054,2025-12-26,Sports,Online,7,206.37,0.01,Returned,1430.14
ORD0391,CUST093,2025-05-02,Clothing,Mobile App,4,349.43,0.19,Returned,1132.15
ORD0392,CUST022,2024-05-11,Clothing,Mobile App,9,106.95,0.03,Cancelled,933.67
ORD0393,CUST088,2024-08-16,Clothing,Store,6,334.13,0.07,Returned,1864.45
ORD0394,CUST048,2024-04-30,Books,Online,5,301.07,0.14,Completed,1294.6
ORD0395,CUST061,2025-01-25,Sports,Store,4,260.23,0.26,Processing,770.28
ORD0396,CUST007,2025-02-23,Sports,Store,3,85.94,0.06,Cancelled,242.35
ORD0397,CUST041,2025-10-08,Furniture,Store,3,393.89,0.15,Completed,1004.42
ORD0398,CUST001,2024-06-21,Sports,Online,8,151.29,0.23,Processing,931.95
ORD0399,CUST098,2025-03-15,Books,Store,2,82.11,0.13,Processing,142.87
ORD0400,CUST050,2025-01-17,Electronics,Store,1,38.11,0.06,Cancelled,35.82
ORD0401,CUST003,2025-12-11,Clothing,Store,1,320.81,0.07,Cancelled,298.35
ORD0402,CUST014,2024-03-07,Electronics,Store,7,261.6,0.09,Returned,1666.39
ORD0403,CUST059,2025-12-04,Furniture,Store,9,306.26,0.1,Processing,2480.71
ORD0404,CUST046,2025-02-17,Electronics,Online,4,99.14,0.27,Cancelled,289.49
ORD0405,CUST094,2025-05-31,Furniture,Online,3,121.37,0.01,Returned,360.47
ORD0406,CUST092,2025-07-01,Sports,Online,1,200.09,0.19,Completed,162.07
ORD0407,CUST085,2025-12-07,Electronics,Store,2,333.71,0.01,Processing,660.75
ORD0408,CUST049,2024-06-05,Furniture,Mobile App,2,282.7,0.14,Completed,486.24
ORD0409,CUST039,2024-10-03,Sports,Mobile App,7,337.6,0.2,Cancelled,1890.56
ORD0410,CUST054,2024-10-16,Electronics,Online,2,265.56,0.19,Processing,430.21
ORD0411,CUST026,2025-06-19,Furniture,Store,10,115.88,0.08,Processing,1066.1
ORD0412,CUST038,2024-07-31,Books,Store,3,38.91,0.15,Cancelled,99.22
ORD0413,CUST001,2025-08-10,Books,Online,1,342.38,0.27,Completed,249.94
ORD0414,CUST100,2024-09-19,Furniture,Store,9,56.02,0.22,Returned,393.26
ORD0415,CUST034,2024-02-10,Clothing,Store,8,44.04,0.24,Returned,267.76
ORD0416,CUST055,2024-02-16,Electronics,Online,2,65.6,0.23,Cancelled,101.02
ORD0417,CUST043,2024-10-01,Electronics,Store,6,449.37,0.29,Returned,1914.32
ORD0418,CUST024,2024-10-05,Books,Mobile App,2,212.37,0.29,Processing,301.57
ORD0419,CUST054,2024-03-01,Furniture,Online,3,74.27,0.21,Processing,176.02
ORD0420,CUST076,2024-07-04,Sports,Store,8,405.09,0.2,Returned,2592.58
ORD0421,CUST079,2024-05-13,Books,Store,1,434.04,0.26,Completed,321.19
ORD0422,CUST053,2024-11-17,Electronics,Mobile App,8,42.07,0.08,Cancelled,309.64
ORD0423,CUST086,2025-09-25,Electronics,Store,6,269.17,0.21,Cancelled,1275.87
ORD0424,CUST062,2024-06-01,Sports,Mobile App,6,338.58,0.19,Completed,1645.5
ORD0425,CUST002,2025-05-22,Furniture,Online,3,262.67,0.14,Processing,677.69
ORD0426,CUST042,2025-06-03,Furniture,Mobile App,4,178.83,0.08,Processing,658.09
ORD0427,CUST052,2025-08-09,Books,Online,4,57.84,0.13,Processing,201.28
ORD0428,CUST058,2025-10-31,Electronics,Online,6,76.98,0.15,Processing,392.6
ORD0429,CUST053,2024-04-03,Sports,Mobile App,1,287.42,0.0,Returned,287.42
ORD0430,CUST066,2024-12-15,Clothing,Online,9,119.29,0.2,Cancelled,858.89
ORD0431,CUST059,2025-04-29,Clothing,Mobile App,6,288.87,0.19,Processing,1403.91
ORD0432,CUST015,2024-12-15,Clothing,Mobile App,2,384.47,0.07,Returned,715.11
ORD0433,CUST071,2024-06-17,Books,Online,9,199.47,0.03,Processing,1741.37
ORD0434,CUST014,2025-02-06,Furniture,Store,5,313.21,0.06,Cancelled,1472.09
ORD0435,CUST092,2025-10-10,Sports,Online,6,71.73,0.12,Processing,378.73
ORD0436,CUST059,2025-05-25,Electronics,Mobile App,10,478.97,0.04,Completed,4598.11
ORD0437,CUST071,2025-06-04,Furniture,Mobile App,7,422.63,0.14,Cancelled,2544.23
ORD0438,CUST094,2025-09-12,Clothing,Mobile App,3,69.71,0.2,Processing,167.3
ORD0439,CUST054,2024-10-07,Books,Store,10,459.64,0.23,Returned,3539.23
ORD0440,CUST058,2025-06-08,Clothing,Mobile App,3,86.33,0.18,Returned,212.37
ORD0441,CUST092,2025-10-01,Clothing,Mobile App,9,323.64,0.06,Returned,2737.99
ORD0442,CUST087,2024-07-01,Sports,Mobile App,3,491.04,0.2,Returned,1178.5
ORD0443,CUST091,2025-08-19,Sports,Mobile App,2,385.17,0.17,Processing,639.38
ORD0444,CUST087,2024-01-14,Sports,Online,9,157.25,0.25,Completed,1061.44
ORD0445,CUST049,2024-09-30,Furniture,Store,3,45.47,0.02,Returned,133.68
ORD0446,CUST019,2025-07-08,Electronics,Store,1,351.49,0.09,Processing,319.86
ORD0447,CUST014,2024-08-17,Sports,Store,10,436.66,0.22,Cancelled,3405.95
ORD0448,CUST066,2025-01-25,Books,Store,5,352.61,0.01,Returned,1745.42
ORD0449,CUST071,2025-09-27,Books,Online,1,26.22,0.08,Returned,24.12
ORD0450,CUST097,2024-07-17,Clothing,Store,10,282.38,0.18,Cancelled,2315.52
ORD0451,CUST088,2025-06-10,Electronics,Store,2,109.75,0.05,Completed,208.52
ORD0452,CUST055,2025-08-21,Clothing,Online,5,287.17,0.04,Returned,1378.42
ORD0453,CUST060,2025-09-03,Electronics,Mobile App,3,39.17,0.28,Returned,84.61
ORD0454,CUST063,2025-12-25,Clothing,Mobile App,10,284.08,0.02,Cancelled,2783.98
ORD0455,CUST024,2025-03-01,Sports,Mobile App,9,52.72,0.15,Processing,403.31
ORD0456,CUST012,2024-12-05,Clothing,Store,6,126.18,0.06,Returned,711.66
ORD0457,CUST028,2025-10-26,Electronics,Online,10,274.64,0.3,Returned,1922.48
ORD0458,CUST058,2025-09-28,Furniture,Online,4,454.16,0.18,Returned,1489.64
ORD0459,CUST049,2024-10-16,Electronics,Mobile App,2,205.22,0.16,Returned,344.77
ORD0460,CUST066,2025-10-29,Furniture,Store,9,233.87,0.01,Completed,2083.78
ORD0461,CUST013,2025-06-30,Electronics,Mobile App,3,486.38,0.23,Completed,1123.54
ORD0462,CUST027,2024-04-16,Furniture,Mobile App,4,435.18,0.13,Processing,1514.43
ORD0463,CUST083,2025-04-15,Clothing,Online,2,378.51,0.05,Completed,719.17
ORD0464,CUST010,2024-03-13,Sports,Online,1,105.44,0.08,Returned,97.0
ORD0465,CUST053,2024-11-19,Electronics,Store,7,236.54,0.12,Completed,1457.09
ORD0466,CUST069,2025-08-22,Electronics,Mobile App,1,327.88,0.19,Completed,265.58
ORD0467,CUST046,2024-11-04,Sports,Online,9,70.95,0.24,Returned,485.3
ORD0468,CUST098,2024-02-01,Books,Online,8,203.08,0.25,Cancelled,1218.48
ORD0469,CUST018,2024-10-29,Furniture,Store,7,402.45,0.25,Returned,2112.86
ORD0470,CUST002,2024-02-12,Electronics,Mobile App,9,439.89,0.04,Processing,3800.65
ORD0471,CUST069,2024-12-18,Furniture,Store,9,474.55,0.09,Cancelled,3886.56
ORD0472,CUST021,2024-07-17,Electronics,Online,3,125.98,0.25,Completed,283.45
ORD0473,CUST097,2024-10-24,Electronics,Store,9,241.41,0.16,Completed,1825.06
ORD0474,CUST026,2024-05-11,Furniture,Online,10,253.85,0.1,Returned,2284.65
ORD0475,CUST080,2025-04-06,Clothing,Mobile App,2,452.06,0.1,Returned,813.71
ORD0476,CUST089,2024-11-19,Books,Online,10,93.15,0.17,Completed,773.14
ORD0477,CUST041,2025-10-18,Books,Store,4,397.12,0.21,Returned,1254.9
ORD0478,CUST018,2025-01-02,Clothing,Store,6,441.39,0.14,Completed,2277.57
ORD0479,CUST023,2024-05-23,Sports,Online,10,59.35,0.08,Returned,546.02
ORD0480,CUST094,2025-06-03,Electronics,Mobile App,2,369.16,0.27,Processing,538.97
ORD0481,CUST099,2024-09-23,Sports,Mobile App,10,122.13,0.01,Processing,1209.09
ORD0482,CUST084,2025-08-26,Clothing,Online,3,195.59,0.07,Processing,545.7
ORD0483,CUST065,2024-01-11,Furniture,Mobile App,9,63.47,0.11,Cancelled,508.39
ORD0484,CUST097,2025-08-02,Sports,Mobile App,9,87.38,0.05,Cancelled,747.1
ORD0485,CUST095,2025-05-14,Furniture,Online,8,470.8,0.01,Returned,3728.74
ORD0486,CUST048,2025-01-04,Books,Store,4,40.55,0.06,Processing,152.47
ORD0487,CUST006,2025-12-21,Sports,Mobile App,1,490.68,0.1,Returned,441.61
ORD0488,CUST095,2025-01-20,Books,Store,5,297.74,0.17,Completed,1235.62
ORD0489,CUST067,2025-06-12,Books,Store,5,200.64,0.27,Returned,732.34
ORD0490,CUST063,2024-05-22,Books,Online,8,445.84,0.0,Cancelled,3566.72
ORD0491,CUST010,2024-07-10,Furniture,Store,9,328.87,0.06,Completed,2782.24
ORD0492,CUST085,2024-04-26,Books,Mobile App,4,219.01,0.1,Processing,788.44
ORD0493,CUST062,2025-02-24,Electronics,Online,4,303.58,0.19,Completed,983.6
ORD0494,CUST017,2025-06-08,Electronics,Mobile App,10,304.33,0.04,Cancelled,2921.57
ORD0495,CUST008,2025-02-19,Sports,Mobile App,3,143.96,0.05,Completed,410.29
ORD0496,CUST093,2025-09-13,Books,Store,5,474.68,0.06,Cancelled,2231.0
ORD0497,CUST029,2024-07-05,Sports,Mobile App,7,308.4,0.24,Returned,1640.69
ORD0498,CUST022,2024-03-11,Furniture,Store,6,462.73,0.18,Processing,2276.63
ORD0499,CUST017,2025-05-31,Books,Online,2,27.95,0.16,Completed,46.96
ORD0500,CUST023,2025-06-28,Sports,Online,8,452.77,0.18,Completed,2970.17
